epoch,loss
0,-631.4231761042186
50,-738.7473698881283
100,-839.7324047399426
150,-937.9719648060319
200,-1034.057100495236
250,-1128.0278681259972
300,-1219.3818544140595
350,-1307.6874231826514
400,-1393.080694600293
450,-1475.5166996036828
500,-1554.4316036480866
550,-1629.5750136934548
600,-1701.4139770636568
650,-1770.376527317298
700,-1836.282090862519
750,-1896.6646962836242
800,-1949.721855282541
850,-1994.45772558914
900,-2030.7096223436756
950,-2059.2283653613986
